Hypothesized Word (H),Reference Word (R),H - POS TAG,R - POS TAG,H - Saliency Score,R - Saliency Score,Sentiment Orientation,H - Num. Phonemes,R - Num. Phonemes,H - Word Type,R - Word Type,R - Importance Score
my,my,PRP$,PRP$,0,0,0,1,0,,FUNCTION,2.494175319860338
name,name,NN,NN,0,0,0,1,0,CONTENT,CONTENT,3.024265253836626
is,is,VBZ,VBZ,0,0,0,1,0,CONTENT,CONTENT,2.2425968046229343
demeter,demeter,NN,NN,0,0,0,7,0,CONTENT,CONTENT,3.0645861710612494
prevailing,prevailing,VBG,VBG,0.10000000000000001,0.10000000000000001,0,3,0,CONTENT,CONTENT,2.9362600275315276
winds,winds,NN,NN,0.20000000000000001,0.20000000000000001,0,1,0,CONTENT,CONTENT,3.2317948915523553
from,from,IN,IN,0,0,0,1,0,,FUNCTION,2.928684571854609
the,the,DT,DT,0,0,0,1,0,,FUNCTION,2.3262364769103163
east,east,NN,NN,0.25,0.25,0,1,0,CONTENT,CONTENT,3.2522175441797
breathing,breathing,NN,NN,0.1111111111111111,0.1111111111111111,0,2,0,CONTENT,CONTENT,2.7847481196594184
it's,is,NN,VBZ,0.25,0,0,1,0,CONTENT,CONTENT,3.0881120632678525
difficult,difficult,JJ,JJ,0.1111111111111111,0.1111111111111111,0,3,0,CONTENT,CONTENT,3.0194945836433082
i,i,NN,NN,0,0,0,1,0,CONTENT,CONTENT,1.4096095649396112
think,think,VBP,VBP,0.20000000000000001,0.20000000000000001,0,1,0,CONTENT,CONTENT,3.130443954345322
we,we,PRP,PRP,0,0,0,1,0,,FUNCTION,2.3156398402322114
need,need,VBP,VBP,0.25,0.25,0,1,0,CONTENT,CONTENT,3.131305061578782
them,with,PRP,IN,0,0,0,1,0,,FUNCTION,1.7629497169196822
yeah,yeah,NN,NN,0.25,0.25,0,1,0,CONTENT,CONTENT,2.852460926052633
i,i,NN,NN,0,0,0,1,0,CONTENT,CONTENT,1.6713876162617933
gave,agree,VBD,VBP,0.25,0.20000000000000001,0,1,0,CONTENT,CONTENT,3.0631614477786977
them,with,PRP,IN,0,0,0,1,0,,FUNCTION,1.8538322005800465
when,that,WRB,IN,0,0,0,1,0,CONTENT,FUNCTION,1.1258660972106223
we,we,PRP,PRP,0,0,0,1,0,,FUNCTION,2.4578373885526608
need,need,VBP,VBP,0.25,0.25,0,1,0,CONTENT,CONTENT,2.878300845838795
water,water,NN,NN,0.20000000000000001,0.20000000000000001,0,2,0,CONTENT,CONTENT,1.7629497169196822
i'm,i'm,NN,NN,0.33333333333333331,0.33333333333333331,0,1,0,CONTENT,CONTENT,1.7943122235425806
thinking,vegan,VBG,NN,0.125,0.20000000000000001,0,2,0,CONTENT,CONTENT,2.955075787397994
yeah,yeah,NN,NN,0.25,0.25,0,1,0,CONTENT,CONTENT,3.3219280948873613
yeah,yeah,NN,NN,0.25,0.25,0,1,0,CONTENT,CONTENT,3.3219280948873613
pe,pe,NN,NN,0.5,0.5,0,2,0,CONTENT,CONTENT,3.3219280948873613
enough,a,RB,DT,0,0,0,2,0,CONTENT,FUNCTION,0.7975725074218144
,knife,,NN,-1,0.20000000000000001,0,2,0,,CONTENT,3.111658172887692
to,to,TO,TO,0,0,0,1,0,,FUNCTION,1.5249493261458673
protect,protect,VB,VB,0.14285714285714285,0.14285714285714285,0,2,0,CONTENT,CONTENT,3.28623880160577
yourself,ourselves,PRP,NN,0,0.1111111111111111,0,2,0,,CONTENT,3.11685045665182
sharks,sharks,NN,NN,0.16666666666666666,0.16666666666666666,0,1,0,CONTENT,CONTENT,3.081026127107926
sharks,sharks,NN,NN,0.16666666666666666,0.16666666666666666,0,1,0,CONTENT,CONTENT,3.1439334189548815
she,she,PRP,PRP,0,0,0,1,0,,FUNCTION,1.5797634928706876
meant,meant,VBD,VBD,0.20000000000000001,0.20000000000000001,0,1,0,CONTENT,CONTENT,3.0597555149443854
to,to,TO,TO,0,0,0,1,0,,FUNCTION,2.841992996390245
say,say,VBP,VBP,0.33333333333333331,0.33333333333333331,0,1,0,CONTENT,CONTENT,3.138219369686629
sharks,sharks,NN,NN,0.16666666666666666,0.16666666666666666,0,1,0,CONTENT,CONTENT,3.10488277582591
5,5,CD,CD,1.0,1.0,0,1,0,,FUNCTION,3.3219280948873613
no,no,DT,DT,0,0,0,1,0,,FUNCTION,1.2415663539421364
but,but,CC,CC,0,0,0,1,0,,FUNCTION,2.9652947208868934
we,we,PRP,PRP,0,0,0,1,0,,FUNCTION,2.3094645997733623
can,can,MD,MD,0,0,0,1,0,,FUNCTION,2.9966308963227077
try,try,VB,VB,0.33333333333333331,0.33333333333333331,0,1,0,CONTENT,CONTENT,3.1005077617948134
that's,that's,NN,NN,0.16666666666666666,0.16666666666666666,0,1,0,CONTENT,CONTENT,1.8520859626104913
good,good,JJ,JJ,0.25,0.25,0,1,0,CONTENT,CONTENT,2.964086587136012
idea,idea,NN,NN,0.25,0.25,0,2,0,CONTENT,CONTENT,2.813120389072618
what,what,WP,WP,0,0,0,1,0,,FUNCTION,3.2337162179671033
kind,kind,NN,NN,0.25,0.25,0,1,0,CONTENT,CONTENT,2.5468674391389405
of,of,IN,IN,0,0,0,1,0,,FUNCTION,1.656006627035209
radio,radio,NN,NN,0.20000000000000001,0.20000000000000001,0,3,0,CONTENT,CONTENT,3.059819097348552
no,no,DT,DT,0,0,0,1,0,,FUNCTION,3.130834511241224
we,we,PRP,PRP,0,0,0,1,0,,FUNCTION,2.3470481538063668
don't,don't,NN,NN,0.20000000000000001,0.20000000000000001,0,1,0,CONTENT,CONTENT,3.0938816036806243
sounds,sounds,NNS,NNS,0.16666666666666666,0.16666666666666666,0,1,0,CONTENT,CONTENT,2.8939530804160025
terrible,terrible,NN,NN,0.125,0.125,0,3,0,CONTENT,CONTENT,2.254238176363695
me,me,PRP,PRP,0,0,0,1,0,,FUNCTION,3.215365701040053
too,too,RB,RB,0,0,0,1,0,CONTENT,CONTENT,3.054308744726097
don't,don't,NN,NN,0.20000000000000001,0.20000000000000001,0,1,0,CONTENT,CONTENT,3.1026474011186034
exist,exist,VB,VB,0.20000000000000001,0.20000000000000001,0,2,0,CONTENT,CONTENT,2.636744441299884
that's,that's,NN,NN,0.16666666666666666,0.16666666666666666,0,1,0,CONTENT,CONTENT,2.8376888690241806
a,a,DT,DT,0,0,0,1,0,,FUNCTION,1.899566978428906
good,good,JJ,JJ,0.25,0.25,0,1,0,CONTENT,CONTENT,2.870358058069287
idea,idea,NN,NN,0.25,0.25,0,2,0,CONTENT,CONTENT,3.18413603873075
space,space,NN,NN,0.20000000000000001,0.20000000000000001,0,1,0,CONTENT,CONTENT,2.8927772270779317
food,food,NN,NN,0.25,0.25,0,1,0,CONTENT,CONTENT,2.974435092029187
is,it's,VBZ,NN,0,0.25,0,1,0,CONTENT,CONTENT,1.8517085730599505
just,just,RB,RB,0.25,0.25,0,1,0,CONTENT,CONTENT,3.071041312823454
food,food,NN,NN,0.25,0.25,0,1,0,CONTENT,CONTENT,3.170457763279037
finally,I,RB,PRP,0.14285714285714285,0,0,3,0,CONTENT,FUNCTION,1.2057929350962011
,know,,VB,-1,0.25,0,3,0,,CONTENT,3.068814849826249
,the,,DT,-1,0,0,3,0,,FUNCTION,2.423096944831978
entire,entire,JJ,JJ,0.16666666666666666,0.16666666666666666,0,3,0,CONTENT,CONTENT,1.244170582314003
moon,moon,NN,NN,0.25,0.25,0,1,0,CONTENT,CONTENT,2.827278855199685
we,we,PRP,PRP,0,0,0,1,0,,FUNCTION,2.209902208093654
don't,don't,NN,NN,0.20000000000000001,0.20000000000000001,0,1,0,CONTENT,CONTENT,2.7748751731262256
need,need,VBP,VBP,0.25,0.25,0,1,0,CONTENT,CONTENT,3.189634689033762
a,a,DT,DT,0,0,0,1,0,,FUNCTION,2.3764467842292496
map,map,VB,VB,0.33333333333333331,0.33333333333333331,0,1,0,CONTENT,CONTENT,2.836818008130585
i,i,NN,NN,0,0,0,1,0,CONTENT,CONTENT,1.2057929350962011
know,know,VB,VB,0.25,0.25,0,1,0,CONTENT,CONTENT,3.092209478465834
the,the,DT,DT,0,0,0,1,0,,FUNCTION,2.415219893763887
entire,entire,JJ,JJ,0.16666666666666666,0.16666666666666666,0,3,0,CONTENT,CONTENT,1.547335839089537
moon,moon,NN,NN,0.25,0.25,0,1,0,CONTENT,CONTENT,3.1190760633134085
export,%UNKNOWN,NN,NN,0.16666666666666666,0.1708091059873611,0,2,0,CONTENT,CONTENT,3.3219280948873613
with,with,IN,IN,0,0,0,1,0,,FUNCTION,3.3219280948873613
95,95,CD,CD,0.5,0.5,0,2,0,,FUNCTION,2.937711454112315
%,%,NN,NN,1.0,1.0,0,1,0,CONTENT,CONTENT,3.1061142866343134
confidence,confidence,NN,NN,0.10000000000000001,0.10000000000000001,0,3,0,CONTENT,CONTENT,3.3219280948873613
if,if,IN,IN,0,0,0,1,0,,FUNCTION,3.0699975595428772
we,we,PRP,PRP,0,0,0,1,0,,FUNCTION,2.8465342149051023
had,had,VBD,VBD,0,0,0,1,0,CONTENT,CONTENT,2.0007289161809476
a,a,DT,DT,0,0,0,1,0,,FUNCTION,2.908319810267904
spaceship,spaceship,NN,NN,0.1111111111111111,0.1111111111111111,0,2,0,CONTENT,CONTENT,2.686525957629897
my,my,PRP$,PRP$,0,0,0,1,0,,FUNCTION,3.0169618903641826
name,name,NN,NN,0,0,0,1,0,CONTENT,CONTENT,3.024265253836626
is,is,VBZ,VBZ,0,0,0,1,0,CONTENT,CONTENT,2.9822967485247664
rebecca,rebecca,NN,NN,0.14285714285714285,0.14285714285714285,0,7,0,CONTENT,CONTENT,3.0645861710612494
the,I'm,DT,NN,0,0.33333333333333331,0,1,0,,CONTENT,1.3094799388614968
,a,,DT,-1,0,0,1,0,,FUNCTION,1.9972885613308948
third,third,JJ,JJ,0,0,0,1,0,CONTENT,CONTENT,2.885703714041881
year,year,NN,NN,0.25,0.25,0,1,0,CONTENT,CONTENT,2.578564906755965
in,in,IN,IN,0,0,0,1,0,,FUNCTION,1.5986563256142017
game,game,NN,NN,0.25,0.25,0,1,0,CONTENT,CONTENT,2.7161357905565695
design,design,NN,NN,0.16666666666666666,0.16666666666666666,0,2,0,CONTENT,CONTENT,2.9011359785484476
i'm,i'm,NN,NN,0.33333333333333331,0.33333333333333331,0,1,0,CONTENT,CONTENT,3.252819524880037
a,a,DT,DT,0,0,0,1,0,,FUNCTION,2.955075787397994
my,my,PRP$,PRP$,0,0,0,1,0,,FUNCTION,2.655934674261051
watch,watch,VB,VB,0.20000000000000001,0.20000000000000001,0,1,0,CONTENT,CONTENT,2.513844028819205
fell,fell,VBD,VBD,0.25,0.25,0,1,0,CONTENT,CONTENT,3.146645680439872
in,in,IN,IN,0,0,0,1,0,,FUNCTION,2.937496473061829
the,the,DT,DT,0,0,0,1,0,,FUNCTION,2.297000604039352
water,water,NN,NN,0.20000000000000001,0.20000000000000001,0,2,0,CONTENT,CONTENT,3.248281603384566
never,never,RB,RB,0,0,0,2,0,CONTENT,CONTENT,0.7342812903270978
too,too,RB,RB,0,0,0,1,0,CONTENT,CONTENT,2.939214638536121
rich,rich,JJ,JJ,0.25,0.25,0,1,0,CONTENT,CONTENT,3.111929949859297
i'm,and,NN,CC,0.33333333333333331,0,0,1,0,CONTENT,FUNCTION,2.468006677213817
never,never,RB,RB,0,0,0,2,0,CONTENT,CONTENT,1.1854716837475632
to,too,TO,RB,0,0,0,1,0,,CONTENT,3.135547424156796
spend,thin,VB,JJ,0.20000000000000001,0,1,1,0,CONTENT,CONTENT,2.9009612774303406
i,i,NN,NN,0,0,0,1,0,CONTENT,CONTENT,1.490660011592552
can,can,MD,MD,0,0,0,1,0,,FUNCTION,2.8943132927603115
see,see,VB,VB,0,0,0,1,0,CONTENT,CONTENT,2.8887820650196367
the,the,DT,DT,0,0,0,1,0,,FUNCTION,2.8342315867132597
rings,rings,VBZ,VBZ,0.20000000000000001,0.20000000000000001,0,1,0,CONTENT,CONTENT,1.960527606707816
on,on,IN,IN,0,0,0,1,0,,FUNCTION,3.062349135034502
saturn,saturn,NN,NN,0.16666666666666666,0.16666666666666666,0,2,0,CONTENT,CONTENT,2.493897325654115
i,i,NN,NN,0,0,0,1,0,CONTENT,CONTENT,3.203683110917209
like,like,IN,IN,0.25,0.25,0,1,0,,FUNCTION,3.0390195205130976
peanut,peanut,NN,NN,0.16666666666666666,0.16666666666666666,0,2,0,CONTENT,CONTENT,3.2387709812196253
butter,butter,NN,NN,0.16666666666666666,0.16666666666666666,0,2,0,CONTENT,CONTENT,1.9995538231480252
don't,don't,NN,NN,0.20000000000000001,0.20000000000000001,0,1,0,CONTENT,CONTENT,3.3219280948873613
that's,that's,NN,NN,0.16666666666666666,0.16666666666666666,0,1,0,CONTENT,CONTENT,2.8376888690241806
a,a,DT,DT,0,0,0,1,0,,FUNCTION,1.899566978428906
good,good,JJ,JJ,0.25,0.25,0,1,0,CONTENT,CONTENT,2.870358058069287
idea,idea,NN,NN,0.25,0.25,0,2,0,CONTENT,CONTENT,3.18413603873075
we,we,PRP,PRP,0,0,0,1,0,,FUNCTION,2.5678306413980874
need,need,VBP,VBP,0.25,0.25,0,1,0,CONTENT,CONTENT,3.125872165005129
something,something,NN,NN,0.1111111111111111,0.1111111111111111,0,2,0,CONTENT,CONTENT,2.9343370512905653
that,that,IN,IN,0,0,0,1,0,,FUNCTION,1.927004365482977
we,we,PRP,PRP,0,0,0,1,0,,FUNCTION,2.301431658907925
can,can,MD,MD,0,0,0,1,0,,FUNCTION,1.155401081925273
like,like,IN,IN,0.25,0.25,0,1,0,,FUNCTION,1.483437158988127
eat,eat,VBP,VBP,0.33333333333333331,0.33333333333333331,0,1,0,CONTENT,CONTENT,3.260784051517523
by,by,IN,IN,0,0,0,1,0,,FUNCTION,3.2702643170259176
itself,itself,PRP,PRP,0,0,0,2,0,,FUNCTION,2.224262015180907
is,is,VBZ,VBZ,0,0,0,1,0,CONTENT,CONTENT,3.2176756234269126
anyone,anyone,NN,NN,0.16666666666666666,0.16666666666666666,0,3,0,CONTENT,CONTENT,2.9752069585173233
allergic,allergic,NN,NN,0.125,0.125,0,3,0,CONTENT,CONTENT,3.228113793313563
to,to,TO,TO,0,0,0,1,0,,FUNCTION,1.1856220672569837
anything,anything,NN,NN,0.125,0.125,0,3,0,CONTENT,CONTENT,3.1291610715800457
i'm,i'm,NN,NN,0.33333333333333331,0.33333333333333331,0,1,0,CONTENT,CONTENT,2.250533809479614
vegetarian,vegetarian,NN,NN,0.10000000000000001,0.10000000000000001,0,4,0,CONTENT,CONTENT,2.955075787397994
please,he's,VB,NN,0.16666666666666666,0.25,0,1,0,CONTENT,CONTENT,1.7943122235425806
begin,vegan,VB,NN,0.20000000000000001,0.20000000000000001,0,2,0,CONTENT,CONTENT,3.212665089420846
vegan,vegan,NN,NN,0.20000000000000001,0.20000000000000001,0,2,0,CONTENT,CONTENT,3.3219280948873613
but,but,CC,CC,0,0,0,1,0,,FUNCTION,2.7804558095930703
aren't,aren't,NN,NN,0.16666666666666666,0.16666666666666666,0,1,0,CONTENT,CONTENT,2.9943466450509257
we,we,PRP,PRP,0,0,0,1,0,,FUNCTION,3.1721571787545386
only,on,RB,IN,0.25,0,0,2,0,CONTENT,FUNCTION,1.9454990441433062
,like,,IN,-1,0.25,0,2,0,,FUNCTION,2.7333603335609484
want,wouldn't,VBP,NN,0.25,0.125,0,1,0,CONTENT,CONTENT,2.344985322070423
to,that,TO,IN,0,0,0,1,0,,FUNCTION,2.274252607705473
be,be,VB,VB,0,0,0,1,0,CONTENT,CONTENT,3.1576038126620416
about,a,IN,DT,0,0,0,2,0,,FUNCTION,2.115735590520041
,bad,,JJ,-1,0.33333333333333331,1,2,0,,CONTENT,3.2165626586445786
thing,thing,NN,NN,0.20000000000000001,0.20000000000000001,0,1,0,CONTENT,CONTENT,3.2618162907631576
arent,arent,NN,NN,0.20000000000000001,0.20000000000000001,0,5,0,CONTENT,CONTENT,2.828409414634401
we,we,PRP,PRP,0,0,0,1,0,,FUNCTION,3.266905325504304
on,on,IN,IN,0,0,0,1,0,,FUNCTION,3.098900249731639
a,a,DT,DT,0,0,0,1,0,,FUNCTION,2.493897325654115
raft?,raft?,NN,NN,0.25149701702609267,0.25149701702609267,0,5,0,CONTENT,CONTENT,1.4264487563495738
wouldn't,wouldn't,NN,NN,0.125,0.125,0,2,0,CONTENT,CONTENT,2.483356232100308
it,it,PRP,PRP,0,0,0,1,0,,FUNCTION,2.6614440920053326
be,be,VB,VB,0,0,0,1,0,CONTENT,CONTENT,3.279744914758761
a,a,DT,DT,0,0,0,1,0,,FUNCTION,3.061317775007036
bad,bad,JJ,JJ,0.33333333333333331,0.33333333333333331,0,1,0,CONTENT,CONTENT,2.8334759282465196
thing?,thing?,NN,NN,0.23570226039551581,0.23570226039551581,0,6,0,CONTENT,CONTENT,3.2618162907631576
how,how,WRB,WRB,0,0,0,1,0,CONTENT,CONTENT,0.0030688913625711764
outlandish,outlandish,NN,NN,0.10000000000000001,0.10000000000000001,0,3,0,CONTENT,CONTENT,2.487745340559732
,do,,VBP,-1,0,0,3,0,,CONTENT,1.5175825001083119
you,you,PRP,PRP,0,0,0,1,0,,FUNCTION,2.000394499788001
think,think,VBP,VBP,0.20000000000000001,0.20000000000000001,0,1,0,CONTENT,CONTENT,1.5253432911507296
we,we,PRP,PRP,0,0,0,1,0,,FUNCTION,2.5664792338191846
could,could,MD,MD,0,0,0,1,0,,FUNCTION,0.9293809836707441
be,be,VB,VB,0,0,0,1,0,CONTENT,CONTENT,2.9166349523227075
with,with,IN,IN,0,0,0,1,0,,FUNCTION,1.0455428821714534
this,this,DT,DT,0.25,0.25,0,1,0,,FUNCTION,2.942920951166767
thing,thing,NN,NN,0.20000000000000001,0.20000000000000001,0,1,0,CONTENT,CONTENT,3.144123650852086
like,like,IN,IN,0.25,0.25,0,1,0,,FUNCTION,3.1188496351376913
,because,,IN,-1,0.14285714285714285,0,1,0,,FUNCTION,2.848716487781252
,we,,PRP,-1,0,0,1,0,,FUNCTION,2.75059541069697
,could,,MD,-1,0,0,1,0,,FUNCTION,3.0242730661770247
,get,,VB,-1,0,0,1,0,,CONTENT,2.917497004528889
that,jet,IN,NN,0,0.33333333333333331,0,1,0,,CONTENT,3.059062660870441
like,packs,IN,NN,0.25,0.20000000000000001,0,1,0,,CONTENT,3.153478214355425
say,or,VBP,CC,0.33333333333333331,0,0,1,0,CONTENT,FUNCTION,3.1381462811615397
something,something,NN,NN,0.1111111111111111,0.1111111111111111,0,2,0,CONTENT,CONTENT,3.1852381430853383
we,we,PRP,PRP,0,0,0,1,0,,FUNCTION,2.703580427015771
could,could,MD,MD,0,0,0,1,0,,FUNCTION,3.0242730661770247
get,get,VB,VB,0,0,0,1,0,CONTENT,CONTENT,3.154253772004716
jetpacks,jetpacks,NN,NN,0,0,0,8,0,CONTENT,CONTENT,3.2268953106598404
or,or,CC,CC,0,0,0,1,0,,FUNCTION,2.622705427069338
something,something,NN,NN,0.1111111111111111,0.1111111111111111,0,2,0,CONTENT,CONTENT,3.1852381430853383
you're,you're,NN,NN,0.16666666666666666,0.16666666666666666,0,1,0,CONTENT,CONTENT,3.012796227041239
not,not,RB,RB,0,0,0,1,0,CONTENT,CONTENT,2.0349837744823565
even,even,RB,RB,0,0,0,2,0,CONTENT,CONTENT,3.166171233714621
trying,trying,VBG,VBG,0.16666666666666666,0.16666666666666666,0,2,0,CONTENT,CONTENT,2.2836612961827765
to,to,TO,TO,0,0,0,1,0,,FUNCTION,1.1584378145377126
speak,speak,VB,VB,0.20000000000000001,0.20000000000000001,0,1,0,CONTENT,CONTENT,3.1226053754703424
yeah,yeah,NN,NN,0.25,0.25,0,1,0,CONTENT,CONTENT,2.5388072834469595
probably,probably,RB,RB,0.125,0.125,0,3,0,CONTENT,CONTENT,2.659799171398175
yeah,yeah,NN,NN,0.25,0.25,0,1,0,CONTENT,CONTENT,3.135379643884266
assaulting,a,NN,DT,0.10000000000000001,0,0,3,0,CONTENT,FUNCTION,2.5796106119984463
,cellphone,,NN,-1,0,0,3,0,,CONTENT,2.3530019310498522
to,so,TO,RB,0,0,0,1,0,,CONTENT,3.179204190323013
think,we,VBP,PRP,0.20000000000000001,0,0,1,0,CONTENT,FUNCTION,2.2539387729462996
,can,,MD,-1,0,0,1,0,,FUNCTION,3.152495616722996
over,call,IN,NN,0,0,0,2,0,,CONTENT,3.1482159847748292
,for,,IN,-1,0,0,2,0,,FUNCTION,3.0267897942464295
rescue,rescue,NN,NN,0.16666666666666666,0.16666666666666666,0,2,0,CONTENT,CONTENT,2.8844339182739125
a,a,DT,DT,0,0,0,1,0,,FUNCTION,2.5796106119984463
cellphone,cellphone,NN,NN,0,0,0,9,0,CONTENT,CONTENT,2.3530019310498522
so,so,RB,RB,0,0,0,1,0,CONTENT,CONTENT,3.179204190323013
we,we,PRP,PRP,0,0,0,1,0,,FUNCTION,2.2539387729462996
can,can,MD,MD,0,0,0,1,0,,FUNCTION,3.152495616722996
call,call,NN,NN,0,0,0,1,0,CONTENT,CONTENT,3.1482159847748292
for,for,IN,IN,0,0,0,1,0,,FUNCTION,3.0267897942464295
rescue,rescue,NN,NN,0.16666666666666666,0.16666666666666666,0,2,0,CONTENT,CONTENT,2.8844339182739125
from,from,IN,IN,0,0,0,1,0,,FUNCTION,3.1196881015884994
what,what,WP,WP,0,0,0,1,0,,FUNCTION,2.5183347021004225
i,i,NN,NN,0,0,0,1,0,CONTENT,CONTENT,1.3792727101613707
don't,don't,NN,NN,0.20000000000000001,0.20000000000000001,0,1,0,CONTENT,CONTENT,1.0512140300176005
know,know,VB,VB,0.25,0.25,0,1,0,CONTENT,CONTENT,3.196207589049999
what's,what's,NN,NN,0.16666666666666666,0.16666666666666666,0,1,0,CONTENT,CONTENT,1.3851502240031628
on,on,IN,IN,0,0,0,1,0,,FUNCTION,2.7868864212193767
the,the,DT,DT,0,0,0,1,0,,FUNCTION,1.401535839027031
pacific,pacific,NN,NN,0.14285714285714285,0.14285714285714285,0,3,0,CONTENT,CONTENT,2.9693553741810375
that,that,IN,IN,0,0,0,1,0,,FUNCTION,1.9169462197994418
we,we,PRP,PRP,0,0,0,1,0,,FUNCTION,2.312686787622507
can,can,MD,MD,0,0,0,1,0,,FUNCTION,2.075752960384152
like,like,IN,IN,0.25,0.25,0,1,0,,FUNCTION,3.0153814088510926
have,have,VBP,VBP,0,0,0,1,0,CONTENT,CONTENT,1.3388617124948263
to,to,TO,TO,0,0,0,1,0,,FUNCTION,2.140944061531925
use,use,NN,NN,0.33333333333333331,0.33333333333333331,0,1,0,CONTENT,CONTENT,3.073067069475095
a,a,DT,DT,0,0,0,1,0,,FUNCTION,2.469568025629186
na√Øve,knife,NN,NN,0,0.20000000000000001,0,6,0,CONTENT,CONTENT,2.8397246764759148
or,%HESITATION,CC,NN,0,0.1270830109408945,0,1,0,,CONTENT,2.6443844145187265
are,are,VBP,VBP,0,0,0,1,0,CONTENT,CONTENT,0.9916682681164589
you,you,PRP,PRP,0,0,0,1,0,,FUNCTION,3.131532982686369
from,afraid,IN,JJ,0,0.16666666666666666,1,1,0,,CONTENT,2.7829035858756725
,of,,IN,-1,0,0,1,0,,FUNCTION,2.84547497848775
charlotte,sharks,NN,NN,0.1111111111111111,0.16666666666666666,0,2,0,CONTENT,CONTENT,3.0137392470158404
or,or,CC,CC,0,0,0,1,0,,FUNCTION,3.210904266125825
something,something,NN,NN,0.1111111111111111,0.1111111111111111,0,2,0,CONTENT,CONTENT,3.1852381430853383
how,how,WRB,WRB,0,0,0,1,0,CONTENT,CONTENT,1.5728984273407474
many,many,JJ,JJ,0.25,0.25,0,2,0,CONTENT,CONTENT,2.5718265201804424
things,things,NNS,NNS,0.16666666666666666,0.16666666666666666,0,1,0,CONTENT,CONTENT,2.23892719980498
we,we,PRP,PRP,0,0,0,1,0,,FUNCTION,2.282901838099638
have,have,VBP,VBP,0,0,0,1,0,CONTENT,CONTENT,2.972552745546309
so,so,RB,RB,0,0,0,1,0,CONTENT,CONTENT,2.757480018459354
far,far,RB,RB,0.33333333333333331,0.33333333333333331,0,1,0,CONTENT,CONTENT,3.211136311458356
yeah,yeah,NN,NN,0.25,0.25,0,1,0,CONTENT,CONTENT,3.1044963952716897
that's,that's,NN,NN,0.16666666666666666,0.16666666666666666,0,1,0,CONTENT,CONTENT,2.4782279181427547
kind,kind,NN,NN,0.25,0.25,0,1,0,CONTENT,CONTENT,2.678751073143112
of,of,IN,IN,0,0,0,1,0,,FUNCTION,2.7896106759083836
important,important,JJ,JJ,0.1111111111111111,0.1111111111111111,0,3,0,CONTENT,CONTENT,3.2435944448662
,because,,IN,-1,0.14285714285714285,0,3,0,,FUNCTION,3.050597714660995
,I'm,,NN,-1,0.33333333333333331,0,3,0,,CONTENT,2.964817654376829
about,bad,IN,JJ,0,0.33333333333333331,1,2,0,,CONTENT,2.8247720530320453
,at,,IN,-1,0,0,2,0,,FUNCTION,3.203148347162375
20,swimming,CD,NN,0.5,0.125,0,2,0,,CONTENT,2.8760700064873803
can,can,MD,MD,0,0,0,1,0,,FUNCTION,3.0468346983343686
you,you,PRP,PRP,0,0,0,1,0,,FUNCTION,2.3119322441925423
eat,eat,VBP,VBP,0.33333333333333331,0.33333333333333331,0,1,0,CONTENT,CONTENT,2.6782869565723786
bread,bread,NN,NN,0.20000000000000001,0.20000000000000001,0,1,0,CONTENT,CONTENT,1.6954154164813773
doesn't,doesn't,NN,NN,0.20198927518355939,0.20198927518355939,0,2,0,CONTENT,CONTENT,1.7269412593713342
go,go,VB,VB,0,0,0,1,0,CONTENT,CONTENT,2.9178515999547314
back,back,RB,RB,0,0,0,1,0,CONTENT,CONTENT,3.090301438978244
that,that,IN,IN,0,0,0,1,0,,FUNCTION,2.287394310704227
quickly,quickly,RB,RB,0.14285714285714285,0.14285714285714285,0,2,0,CONTENT,CONTENT,3.1117888453638187
i,i,NN,NN,0,0,0,1,0,CONTENT,CONTENT,2.3638321656124344
think,think,VBP,VBP,0.20000000000000001,0.20000000000000001,0,1,0,CONTENT,CONTENT,3.1440696604141234
crackers,crackers,NN,NN,0.125,0.125,0,2,0,CONTENT,CONTENT,3.3219280948873613
don't,don't,NN,NN,0.20000000000000001,0.20000000000000001,0,1,0,CONTENT,CONTENT,1.433770801688601
,we,,PRP,-1,0,0,1,0,,FUNCTION,3.041497540524006
have,have,VBP,VBP,0,0,0,1,0,CONTENT,CONTENT,2.8667430059089782
water,water,NN,NN,0.20000000000000001,0.20000000000000001,0,2,0,CONTENT,CONTENT,3.0557372216679375
already,already,RB,RB,0.14285714285714285,0.14285714285714285,0,3,0,CONTENT,CONTENT,2.7014549413637496
don't,don't,NN,NN,0.20000000000000001,0.20000000000000001,0,1,0,CONTENT,CONTENT,1.433770801688601
we,we,PRP,PRP,0,0,0,1,0,,FUNCTION,3.041497540524006
have,have,VBP,VBP,0,0,0,1,0,CONTENT,CONTENT,2.8667430059089782
water,water,NN,NN,0.20000000000000001,0.20000000000000001,0,2,0,CONTENT,CONTENT,3.0557372216679375
already,already,RB,RB,0.14285714285714285,0.14285714285714285,0,3,0,CONTENT,CONTENT,2.7014549413637496
you,you,PRP,PRP,0,0,0,1,0,,FUNCTION,2.7550570559194028
said,said,VBD,VBD,0.25,0.25,0,1,0,CONTENT,CONTENT,2.917427332164915
a,a,DT,DT,0,0,0,1,0,,FUNCTION,2.2897359230179712
pack,pack,NN,NN,0.25,0.25,0,1,0,CONTENT,CONTENT,2.9399620521116985
of,of,IN,IN,0,0,0,1,0,,FUNCTION,3.203317164036569
24,24,CD,CD,0.5,0.5,0,2,0,,FUNCTION,0.7816446563909306
bottles,bottles,NNS,NNS,0.14285714285714285,0.14285714285714285,0,2,0,CONTENT,CONTENT,3.1052747890958594
of,at,IN,IN,0,0,0,1,0,,FUNCTION,2.7229160706453417
the,the,DT,DT,0,0,0,1,0,,FUNCTION,2.043864966010905
game,beginning,NN,VBG,0.25,0.1111111111111111,1,1,0,CONTENT,CONTENT,3.255903544365953
do,do,VBP,VBP,0,0,0,1,0,CONTENT,CONTENT,2.978648573325981
you,you,PRP,PRP,0,0,0,1,0,,FUNCTION,2.644182630020219
know,know,VB,VB,0.25,0.25,0,1,0,CONTENT,CONTENT,2.834279060683657
how,how,WRB,WRB,0,0,0,1,0,CONTENT,CONTENT,3.163706049204451
to,to,TO,TO,0,0,0,1,0,,FUNCTION,1.5904132999435878
navigate,navigate,NN,NN,0.125,0.125,0,3,0,CONTENT,CONTENT,2.9932594470168743
a,a,DT,DT,0,0,0,1,0,,FUNCTION,2.2831952047070203
map,map,VB,VB,0.33333333333333331,0.33333333333333331,0,1,0,CONTENT,CONTENT,3.1640873341462994
in,in,IN,IN,0,0,0,1,0,,FUNCTION,0.791698733828802
the,the,DT,DT,0,0,0,1,0,,FUNCTION,0.20789147846421846
middle,middle,NN,NN,0.16666666666666666,0.16666666666666666,0,2,0,CONTENT,CONTENT,3.0455089823451758
of,of,IN,IN,0,0,0,1,0,,FUNCTION,2.5052323760451283
the,the,DT,DT,0,0,0,1,0,,FUNCTION,1.5867946406626037
ocean,ocean,NN,NN,0.20000000000000001,0.20000000000000001,0,2,0,CONTENT,CONTENT,3.2717738312437508
how,I,WRB,PRP,0,0,0,1,0,CONTENT,FUNCTION,1.087065265907378
,had,,VBD,-1,0,0,1,0,,CONTENT,1.2862718506096074
do,it,VBP,PRP,0,0,0,1,0,CONTENT,FUNCTION,3.2595615069726698
,at,,IN,-1,0,0,1,0,,FUNCTION,2.775139086949858
i,the,NN,DT,0,0,0,1,0,CONTENT,FUNCTION,2.043864966010905
get,beginning,VB,VBG,0,0.1111111111111111,0,1,0,CONTENT,CONTENT,2.64660444949231
claires,flares,NN,NN,0,0.16666666666666666,0,7,0,CONTENT,CONTENT,2.356176894966641
what,what,WP,WP,0,0,0,1,0,,FUNCTION,3.107418204694709
about,about,IN,IN,0,0,0,2,0,,FUNCTION,3.091580835714585
players,flares,NNS,NN,0.14285714285714285,0.16666666666666666,0,2,0,CONTENT,CONTENT,3.208146205196649
or,or,CC,CC,0,0,0,1,0,,FUNCTION,2.507317438506309
something,something,NN,NN,0.1111111111111111,0.1111111111111111,0,2,0,CONTENT,CONTENT,3.1852381430853383
flares,flares,NN,NN,0.16666666666666666,0.16666666666666666,0,1,0,CONTENT,CONTENT,3.3219280948873613
like,like,IN,IN,0.25,0.25,0,1,0,,FUNCTION,3.0995149305018077
to,to,TO,TO,0,0,0,1,0,,FUNCTION,2.5983454511103576
talk,talk,VB,VB,0.25,0.25,0,1,0,CONTENT,CONTENT,3.21465875746069
with,with,IN,IN,0,0,0,1,0,,FUNCTION,2.806652274110709
each,each,DT,DT,0,0,0,1,0,,FUNCTION,2.4929297835785498
other,other,JJ,JJ,0,0,0,2,0,CONTENT,CONTENT,2.26220984527251
i,i,NN,NN,0,0,0,1,0,CONTENT,CONTENT,0.4572088944532978
was,was,VBD,VBD,0.33333333333333331,0.33333333333333331,0,1,0,CONTENT,CONTENT,2.568500836202283
thinking,thinking,VBG,VBG,0.125,0.125,0,2,0,CONTENT,CONTENT,3.191113810857703
like,like,IN,IN,0.25,0.25,0,1,0,,FUNCTION,2.317817036897592
walkie-talkies,walkie-talkies,NN,NN,0,0,0,4,0,CONTENT,CONTENT,3.1125155167971292
we're,but,NN,CC,0.20000000000000001,0,0,1,0,CONTENT,FUNCTION,3.3219280948873613
going,dont,VBG,NN,0,0.25,0,2,0,CONTENT,CONTENT,3.253219645632881
to,they,TO,PRP,0,0,0,1,0,,FUNCTION,3.0043058198840655
have,have,VBP,VBP,0,0,0,1,0,CONTENT,CONTENT,2.855066949953518
lasagna,those,NN,DT,0.14285714285714285,0,0,3,0,CONTENT,FUNCTION,3.1702176581412
,like,,IN,-1,0.25,0,3,0,,FUNCTION,2.911540930745719
when,when,WRB,WRB,0,0,0,1,0,CONTENT,CONTENT,2.80916941580352
you,you,PRP,PRP,0,0,0,1,0,,FUNCTION,1.9583575834414633
watch,watch,VB,VB,0.20000000000000001,0.20000000000000001,0,1,0,CONTENT,CONTENT,3.2864600760781704
movies,movies,NNS,NNS,0.16666666666666666,0.16666666666666666,0,2,0,CONTENT,CONTENT,3.200241004415114
like,like,IN,IN,0.25,0.25,0,1,0,,FUNCTION,3.02066647524106
beverages,they,NN,PRP,0.1111111111111111,0,0,4,0,CONTENT,FUNCTION,3.1840299370614273
,have,,VBP,-1,0,0,4,0,,CONTENT,3.320850526869879
,radios,,NN,-1,0.16666666666666666,0,4,0,,CONTENT,1.1790336466141875
and,to,CC,TO,0,0,0,1,0,,FUNCTION,1.6240420368314614
talk,talk,VB,VB,0.25,0.25,0,1,0,CONTENT,CONTENT,3.1779726117507114
to,to,TO,TO,0,0,0,1,0,,FUNCTION,2.898209726549058
you,like,PRP,IN,0,0.25,0,1,0,,FUNCTION,2.571954396911627
later,the,JJ,DT,0.20000000000000001,0,0,2,0,CONTENT,FUNCTION,3.07832249023281
command,command,VB,VB,0.14285714285714285,0.14285714285714285,0,2,0,CONTENT,CONTENT,3.1961009261804834
station,station,NN,NN,0.14285714285714285,0.14285714285714285,0,2,0,CONTENT,CONTENT,3.2471233413834586
or,or,CC,CC,0,0,0,1,0,,FUNCTION,2.6594194645397957
whatever,whatever,NN,NN,0.125,0.125,0,3,0,CONTENT,CONTENT,3.1852381430853383
they,they,PRP,PRP,0,0,0,1,0,,FUNCTION,3.0043058198840655
have,have,VBP,VBP,0,0,0,1,0,CONTENT,CONTENT,1.2986108399022802
those,those,DT,DT,0,0,0,1,0,,FUNCTION,3.203720465977166
in,in,IN,IN,0,0,0,1,0,,FUNCTION,3.00939018489727
like,like,IN,IN,0.25,0.25,0,1,0,,FUNCTION,1.991482751751115
movies,movies,NNS,NNS,0.16666666666666666,0.16666666666666666,0,2,0,CONTENT,CONTENT,3.273180054095686
where,when,WRB,WRB,0,0,0,1,0,CONTENT,CONTENT,3.0373997881848958
,they're,,NN,-1,0.14285714285714285,0,1,0,,CONTENT,2.509312271584194
understand,stranded,VB,NN,0.10000000000000001,0.125,0,3,0,CONTENT,CONTENT,2.2406968168235277
it,,PRP,,0,-1,0,1,0,,FUNCTION,2.1328916947026264
and,and,CC,CC,0,0,0,1,0,,FUNCTION,2.5131020365377315
they,they,PRP,PRP,0,0,0,1,0,,FUNCTION,1.3201520127884179
talk,talk,VB,VB,0.25,0.25,0,1,0,CONTENT,CONTENT,3.2064183717864707
to,to,TO,TO,0,0,0,1,0,,FUNCTION,2.898005865229495
at,like,IN,IN,0,0.25,0,1,0,,FUNCTION,1.3692954208118584
the,the,DT,DT,0,0,0,1,0,,FUNCTION,2.1894070724733545
command,command,VB,VB,0.14285714285714285,0.14285714285714285,0,2,0,CONTENT,CONTENT,2.4645593882344996
center,center,NN,NN,0.16666666666666666,0.16666666666666666,0,6,0,CONTENT,CONTENT,3.1951858260971715
do,do,VBP,VBP,0,0,0,1,0,CONTENT,CONTENT,1.6006204813890743
we,we,PRP,PRP,0,0,0,1,0,,FUNCTION,1.5115086648456137
need,need,VBP,VBP,0.25,0.25,0,1,0,CONTENT,CONTENT,2.0849091476274655
food,food,NN,NN,0.25,0.25,0,1,0,CONTENT,CONTENT,2.9334116738637244
and,and,CC,CC,0,0,0,1,0,,FUNCTION,1.9371908423981181
water,water,NN,NN,0.20000000000000001,0.20000000000000001,0,2,0,CONTENT,CONTENT,3.212809165875899
again,again,RB,RB,0,0,0,2,0,CONTENT,CONTENT,3.0659066623178344
i,i,NN,NN,0,0,0,1,0,CONTENT,CONTENT,2.3879817881112255
think,think,VBP,VBP,0.20000000000000001,0.20000000000000001,0,1,0,CONTENT,CONTENT,3.0925448578052497
i,i,NN,NN,0,0,0,1,0,CONTENT,CONTENT,0.7455432481912306
don't,don't,NN,NN,0.20000000000000001,0.20000000000000001,0,1,0,CONTENT,CONTENT,1.5983307675043068
think,think,VBP,VBP,0.20000000000000001,0.20000000000000001,0,1,0,CONTENT,CONTENT,3.181360124762758
you,you,PRP,PRP,0,0,0,1,0,,FUNCTION,1.5717632421833805
,can,,MD,-1,0,0,1,0,,FUNCTION,2.6231267535167038
bring,bring,VB,VB,0.20000000000000001,0.20000000000000001,0,1,0,CONTENT,CONTENT,3.0103994135358856
those,those,DT,DT,0,0,0,1,0,,FUNCTION,3.177589729916462
two,to,CD,TO,0,0,0,1,0,,FUNCTION,3.178915377097758
space,space,NN,NN,0.20000000000000001,0.20000000000000001,0,1,0,CONTENT,CONTENT,3.1291610715800457
do,do,VBP,VBP,0,0,0,1,0,CONTENT,CONTENT,3.0105315546133635
we,we,PRP,PRP,0,0,0,1,0,,FUNCTION,2.6103672593710048
need,need,VBP,VBP,0.25,0.25,0,1,0,CONTENT,CONTENT,3.0845311137029805
to,to,TO,TO,0,0,0,1,0,,FUNCTION,1.9672799447924427
bring,bring,VB,VB,0.20000000000000001,0.20000000000000001,0,1,0,CONTENT,CONTENT,1.063437090330675
oxygen,oxygen,NN,NN,0.16666666666666666,0.16666666666666666,0,3,0,CONTENT,CONTENT,3.1735339787698367
with,with,IN,IN,0,0,0,1,0,,FUNCTION,2.294069854699664
bats,us,NN,PRP,0.25,0,0,1,0,CONTENT,FUNCTION,3.0250167237529224
,does,,VBZ,-1,0.25,0,1,0,,CONTENT,3.150558110615532
that,that,IN,IN,0,0,0,1,0,,FUNCTION,3.1940711012639085
my,like,PRP$,IN,0,0.25,0,1,0,,FUNCTION,3.2312551180787037
count,count,NN,NN,0.20000000000000001,0.20000000000000001,0,1,0,CONTENT,CONTENT,3.0752808328840757
so,so,RB,RB,0,0,0,1,0,CONTENT,CONTENT,3.1481936656157585
will,we'll,MD,NN,0,0.20000000000000001,0,1,0,,CONTENT,1.502128438613802
just,just,RB,RB,0.25,0.25,0,1,0,CONTENT,CONTENT,3.162621581752562
suffocate,suffocate,NN,NN,0.1111111111111111,0.1111111111111111,0,3,0,CONTENT,CONTENT,3.1969966404116854
and,and,CC,CC,0,0,0,1,0,,FUNCTION,2.7720379242897644
die,die,VB,VB,0.33333333333333331,0.33333333333333331,0,1,0,CONTENT,CONTENT,3.202119404677499
that's,that's,NN,NN,0.16666666666666666,0.16666666666666666,0,1,0,CONTENT,CONTENT,2.8939530804160025
terrible,terrible,NN,NN,0.125,0.125,0,3,0,CONTENT,CONTENT,3.1979998526797533
i'm,i'm,NN,NN,0.33333333333333331,0.33333333333333331,0,1,0,CONTENT,CONTENT,3.2400731459931524
under,under,IN,IN,0,0,0,2,0,,FUNCTION,1.8213138456491498
21,21,CD,CD,0.5,0.5,0,2,0,,FUNCTION,2.2678582976797688
can,can,MD,MD,0,0,0,1,0,,FUNCTION,3.040762426584548
we,we,PRP,PRP,0,0,0,1,0,,FUNCTION,2.9718635981658212
bring,bring,VB,VB,0.20000000000000001,0.20000000000000001,0,1,0,CONTENT,CONTENT,2.737147361893743
like,like,IN,IN,0.25,0.25,0,1,0,,FUNCTION,2.285796769476897
a,a,DT,DT,0,0,0,1,0,,FUNCTION,1.7929492986799416
car,car,NN,NN,0.33333333333333331,0.33333333333333331,0,1,0,CONTENT,CONTENT,3.186168150389123
,or,,CC,-1,0,0,1,0,,FUNCTION,3.221745049621652
something,something,NN,NN,0.1111111111111111,0.1111111111111111,0,2,0,CONTENT,CONTENT,1.0100555221409149
,can,,MD,-1,0,0,2,0,,FUNCTION,3.2766556363067956
,we,,PRP,-1,0,0,2,0,,FUNCTION,2.78980702369203
you,can,PRP,MD,0,0,0,1,0,,FUNCTION,3.229125480257878
,we,,PRP,-1,0,0,1,0,,FUNCTION,3.223848077465638
like,like,IN,IN,0.25,0.25,0,1,0,,FUNCTION,3.20802847905183
to,%ADDITION,TO,NN,0,0.15024405652862238,0,1,0,,CONTENT,2.6221424194164364
do,do,VBP,VBP,0,0,0,1,0,CONTENT,CONTENT,3.2673695507585374
that,that,IN,IN,0,0,0,1,0,,FUNCTION,2.8489851391457397
totally,totally,NN,NN,0.14285714285714285,0.14285714285714285,0,3,0,CONTENT,CONTENT,3.3219280948873613
what,well,WP,RB,0,0,0,1,0,,CONTENT,1.381042780270178
,then,,RB,-1,0,0,1,0,,CONTENT,3.0940224415674824
,let's,,NN,-1,0.28278614550861386,0,1,0,,CONTENT,3.143689722165448
just,just,RB,RB,0.25,0.25,0,1,0,CONTENT,CONTENT,2.8909031915183996
invent,invent,VB,VB,0.16666666666666666,0.16666666666666666,0,2,0,CONTENT,CONTENT,3.2426383459834955
one,one,CD,CD,0,0,0,1,0,,FUNCTION,3.1296634830945873
we,we,PRP,PRP,0,0,0,1,0,,FUNCTION,2.619270627607532
need,need,VBP,VBP,0.25,0.25,0,1,0,CONTENT,CONTENT,1.2675625351444968
rope,rope,NN,NN,0.25,0.25,0,1,0,CONTENT,CONTENT,2.634419743377453
because,because,IN,IN,0.14285714285714285,0.14285714285714285,0,2,0,,FUNCTION,3.0612816348649607
you,you,PRP,PRP,0,0,0,1,0,,FUNCTION,2.592340399740615
always,always,RB,RB,0.16666666666666666,0.16666666666666666,0,2,0,CONTENT,CONTENT,2.8645615329465914
need,need,VBP,VBP,0.25,0.25,0,1,0,CONTENT,CONTENT,2.6084112097901553
rope,rope,NN,NN,0.25,0.25,0,1,0,CONTENT,CONTENT,1.8307136224790639
do,do,VBP,VBP,0,0,0,1,0,CONTENT,CONTENT,2.9417019866717857
you,we,PRP,PRP,0,0,0,1,0,,FUNCTION,2.7351899701413735
need,need,VBP,VBP,0.25,0.25,0,1,0,CONTENT,CONTENT,3.080566197477842
a,a,DT,DT,0,0,0,1,0,,FUNCTION,2.134347287573481
knife,knife,NN,NN,0.20000000000000001,0.20000000000000001,0,1,0,CONTENT,CONTENT,3.2132153833873387
for,for,IN,IN,0,0,0,1,0,,FUNCTION,2.88789466535028
like,like,IN,IN,0.25,0.25,0,1,0,,FUNCTION,1.8578775195051511
moon,moon,NN,NN,0.25,0.25,0,1,0,CONTENT,CONTENT,2.4060443813842416
martians,martians,NN,NN,0,0,0,2,0,CONTENT,CONTENT,2.947830718270766
or,or,CC,CC,0,0,0,1,0,,FUNCTION,1.7975612594897072
something,something,NN,NN,0.1111111111111111,0.1111111111111111,0,2,0,CONTENT,CONTENT,3.1852381430853383
your,yeah,PRP$,NN,0,0.25,0,1,0,,CONTENT,2.630267816887259
,or,,CC,-1,0,0,1,0,,FUNCTION,2.930807312766716
something,something,NN,NN,0.1111111111111111,0.1111111111111111,0,2,0,CONTENT,CONTENT,3.3072553361272994
at,at,IN,IN,0,0,0,1,0,,FUNCTION,1.0686219589318433
least,least,JJS,JJS,0,0,0,1,0,CONTENT,CONTENT,1.0192971325570308
to,to,TO,TO,0,0,0,1,0,,FUNCTION,0.9362369812521523
protect,protect,VB,VB,0.14285714285714285,0.14285714285714285,0,2,0,CONTENT,CONTENT,3.1790972564523265
from,from,IN,IN,0,0,0,1,0,,FUNCTION,2.3475355121681445
the,the,DT,DT,0,0,0,1,0,,FUNCTION,0.6704063365811498
sun,sun,NN,NN,0.33333333333333331,0.33333333333333331,0,1,0,CONTENT,CONTENT,3.2987928447335344
because,because,IN,IN,0.14285714285714285,0.14285714285714285,0,2,0,,FUNCTION,3.0250777565351257
i,i,NN,NN,0,0,0,1,0,CONTENT,CONTENT,1.6658390309974354
think,think,VBP,VBP,0.20000000000000001,0.20000000000000001,0,1,0,CONTENT,CONTENT,3.22619238809049
it's,it's,NN,NN,0.25,0.25,0,1,0,CONTENT,CONTENT,2.9770973168189454
harsher,harsher,NN,NN,0.14285714285714285,0.14285714285714285,0,2,0,CONTENT,CONTENT,3.243236175582829
there,there,EX,EX,0,0,0,1,0,,FUNCTION,2.0007859285906764
water,water,NN,NN,0.20000000000000001,0.20000000000000001,0,2,0,CONTENT,CONTENT,2.9835343745183045
space,space,NN,NN,0.20000000000000001,0.20000000000000001,0,1,0,CONTENT,CONTENT,2.8288988560756994
food,food,NN,NN,0.25,0.25,0,1,0,CONTENT,CONTENT,3.1821792790907386
a,a,DT,DT,0,0,0,1,0,,FUNCTION,2.9481399088754014
car,car,NN,NN,0.33333333333333331,0.33333333333333331,0,1,0,CONTENT,CONTENT,2.880366204049798
space,space,NN,NN,0.20000000000000001,0.20000000000000001,0,1,0,CONTENT,CONTENT,2.518685778390365
food,food,NN,NN,0.25,0.25,0,1,0,CONTENT,CONTENT,2.6772178632711534
is,is,VBZ,VBZ,0,0,0,1,0,CONTENT,CONTENT,3.2193073355086077
everything,a,NN,DT,0.10000000000000001,0,0,3,0,CONTENT,FUNCTION,2.4413476276631974
,thing,,NN,-1,0.20000000000000001,0,3,0,,CONTENT,2.637453059059766
okay,okay,NN,NN,0.25,0.25,0,2,0,CONTENT,CONTENT,3.0825044330626628
it's,it's,NN,NN,0.25,0.25,0,1,0,CONTENT,CONTENT,3.203683110917209
like,like,IN,IN,0.25,0.25,0,1,0,,FUNCTION,3.1076218701422933
vacuumed,vacuumed,NN,NN,0.125,0.125,0,2,0,CONTENT,CONTENT,1.4774920153940876
food,food,NN,NN,0.25,0.25,0,1,0,CONTENT,CONTENT,2.39512766287416
so,so,RB,RB,0,0,0,1,0,CONTENT,CONTENT,3.0307261510888885
it,it,PRP,PRP,0,0,0,1,0,,FUNCTION,2.6301239829785037
doesn't,doesn't,NN,NN,0.20198927518355939,0.20198927518355939,0,2,0,CONTENT,CONTENT,2.819937645373005
go,go,VB,VB,0,0,0,1,0,CONTENT,CONTENT,3.2036907921983713
bad,bad,JJ,JJ,0.33333333333333331,0.33333333333333331,0,1,0,CONTENT,CONTENT,2.9473609979796054
you,you,PRP,PRP,0,0,0,1,0,,FUNCTION,1.4836910424041638
can,can,MD,MD,0,0,0,1,0,,FUNCTION,2.9108917709269573
find,find,VB,VB,0,0,0,1,0,CONTENT,CONTENT,2.0806507529108957
it,it,PRP,PRP,0,0,0,1,0,,FUNCTION,3.2918178295225466
like,like,IN,IN,0.25,0.25,0,1,0,,FUNCTION,2.9889108736451546
that,at,IN,IN,0,0,0,1,0,,FUNCTION,1.5399917859919512
nasa,nasa,NN,NN,0,0,0,4,0,CONTENT,CONTENT,2.82303461433671
are,or,VBP,CC,0,0,0,1,0,CONTENT,FUNCTION,3.200593618845274
like,like,IN,IN,0.25,0.25,0,1,0,,FUNCTION,2.961506226552906
the,the,DT,DT,0,0,0,1,0,,FUNCTION,0.3067537693391271
space,space,NN,NN,0.20000000000000001,0.20000000000000001,0,1,0,CONTENT,CONTENT,1.7251442642968446
museum,museum,NN,NN,0.16666666666666666,0.16666666666666666,0,2,0,CONTENT,CONTENT,3.246650403166028
in,in,IN,IN,0,0,0,1,0,,FUNCTION,2.46972459144263
washington,washington,NN,NN,0.10000000000000001,0.10000000000000001,0,10,0,CONTENT,CONTENT,2.6487356950340284
dc,dc,NN,NN,0.5,0.5,0,2,0,CONTENT,CONTENT,3.0299045325037373
no,no,DT,DT,0,0,0,1,0,,FUNCTION,3.1562462868515655
it's,it's,NN,NN,0.25,0.25,0,1,0,CONTENT,CONTENT,2.8892243211760986
vacuumed,vacuumed,NN,NN,0.125,0.125,0,2,0,CONTENT,CONTENT,3.0664385211145984
food,food,NN,NN,0.25,0.25,0,1,0,CONTENT,CONTENT,1.0138664578787417
and,and,CC,CC,0,0,0,1,0,,FUNCTION,2.877435566723171
it,it,PRP,PRP,0,0,0,1,0,,FUNCTION,3.1927128743722104
taste,taste,NN,NN,0.20000000000000001,0.20000000000000001,0,1,0,CONTENT,CONTENT,3.115661828031963
different,different,JJ,JJ,0.1111111111111111,0.1111111111111111,0,2,0,CONTENT,CONTENT,3.069527743348327
it,it,PRP,PRP,0,0,0,1,0,,FUNCTION,2.7597879146387387
doesn't,doesn't,NN,NN,0.20198927518355939,0.20198927518355939,0,2,0,CONTENT,CONTENT,3.2090112624640956
like,like,IN,IN,0.25,0.25,0,1,0,,FUNCTION,2.338347450895476
have,have,VBP,VBP,0,0,0,1,0,CONTENT,CONTENT,1.3363846563164192
any,any,DT,DT,0.33333333333333331,0.33333333333333331,0,2,0,,FUNCTION,2.904649513591142
shape,shape,NN,NN,0.20000000000000001,0.20000000000000001,0,1,0,CONTENT,CONTENT,1.1695848209644357
or,or,CC,CC,0,0,0,1,0,,FUNCTION,2.5321702640376365
anything,anything,NN,NN,0.125,0.125,0,3,0,CONTENT,CONTENT,2.9403410713199993
either,either,DT,DT,0,0,0,2,0,,FUNCTION,3.2000044606828433
is,it's,VBZ,NN,0,0.25,0,1,0,CONTENT,CONTENT,1.8957278663121877
like,like,IN,IN,0.25,0.25,0,1,0,,FUNCTION,2.7716821115528307
an,in,DT,IN,0,0,0,1,0,,FUNCTION,2.947387205533375
easel,these,NN,DT,0,0,0,2,0,CONTENT,FUNCTION,2.5127882969297977
,little,,JJ,-1,0.16666666666666666,1,2,0,,CONTENT,3.1608065979319235
like,like,IN,IN,0.25,0.25,0,1,0,,FUNCTION,1.8656161718221544
baggies,baggies,NN,NN,0.14285714285714285,0.14285714285714285,0,7,0,CONTENT,CONTENT,3.1682157909603155
and,and,CC,CC,0,0,0,1,0,,FUNCTION,0.929544065268946
things,things,NNS,NNS,0.16666666666666666,0.16666666666666666,0,1,0,CONTENT,CONTENT,3.202119404677499
do,do,VBP,VBP,0,0,0,1,0,CONTENT,CONTENT,3.0660366469235205
they,they,PRP,PRP,0,0,0,1,0,,FUNCTION,1.7230412160186306
have,have,VBP,VBP,0,0,0,1,0,CONTENT,CONTENT,1.9987714012066726
maps,maps,NN,NN,0.25,0.25,0,1,0,CONTENT,CONTENT,0.8134724914867434
for,for,IN,IN,0,0,0,1,0,,FUNCTION,2.8229951988690742
the,the,DT,DT,0,0,0,1,0,,FUNCTION,1.8578775195051511
moon,moon,NN,NN,0.25,0.25,0,1,0,CONTENT,CONTENT,3.2464299245781034
are,are,VBP,VBP,0,0,0,1,0,CONTENT,CONTENT,3.1044270896001604
we,we,PRP,PRP,0,0,0,1,0,,FUNCTION,3.1642631278201385
actually,actually,RB,RB,0.125,0.125,0,3,0,CONTENT,CONTENT,1.6846238489151812
that,that,IN,IN,0,0,0,1,0,,FUNCTION,3.241869796491628
smart,smart,NN,NN,0.20000000000000001,0.20000000000000001,0,1,0,CONTENT,CONTENT,3.2365851448244722
no,no,DT,DT,0,0,0,1,0,,FUNCTION,3.0610950044858325
remember,remember,NN,NN,0.125,0.125,0,3,0,CONTENT,CONTENT,3.2500983631064426
i'm,i'm,NN,NN,0.33333333333333331,0.33333333333333331,0,1,0,CONTENT,CONTENT,3.2901264579174994
gonna,gonna,NN,NN,0.2820060120890619,0.2820060120890619,0,2,0,CONTENT,CONTENT,3.071313951459777
suffocate,suffocate,NN,NN,0.1111111111111111,0.1111111111111111,0,3,0,CONTENT,CONTENT,2.617014644174366
since,since,IN,IN,0.20000000000000001,0.20000000000000001,0,1,0,,FUNCTION,3.164574979304281
we,we,PRP,PRP,0,0,0,1,0,,FUNCTION,2.4866677936453607
don't,don't,NN,NN,0.20000000000000001,0.20000000000000001,0,1,0,CONTENT,CONTENT,3.2121973598314204
have,have,VBP,VBP,0,0,0,1,0,CONTENT,CONTENT,3.0146548205771615
oxygen,oxygen,NN,NN,0.16666666666666666,0.16666666666666666,0,3,0,CONTENT,CONTENT,2.6080488854560677
he,he,PRP,PRP,0,0,0,1,0,,FUNCTION,3.1371363668561782
says,says,VBZ,VBZ,0.25,0.25,0,1,0,CONTENT,CONTENT,2.014516789517597
were,we're,VBD,NN,0,0.20000000000000001,0,1,0,CONTENT,CONTENT,3.2857249825335195
smart,smart,NN,NN,0.20000000000000001,0.20000000000000001,0,1,0,CONTENT,CONTENT,2.9639645040551192
we,we,PRP,PRP,0,0,0,1,0,,FUNCTION,1.7346645558588143
need,need,VBP,VBP,0.25,0.25,0,1,0,CONTENT,CONTENT,3.1874784034546817
like,like,IN,IN,0.25,0.25,0,1,0,,FUNCTION,1.6960799838810785
little,little,JJ,JJ,0.16666666666666666,0.16666666666666666,0,2,0,CONTENT,CONTENT,2.7741544338359234
robot,robot,NN,NN,0.20000000000000001,0.20000000000000001,0,2,0,CONTENT,CONTENT,1.8386663312191327
dog,doggies,NN,NN,0.33333333333333331,0.14285714285714285,0,1,0,CONTENT,CONTENT,2.6864048179198114
you,,PRP,,0,-1,0,1,0,,FUNCTION,2.4842198051866706
so,that,RB,IN,0,0,0,1,0,CONTENT,FUNCTION,3.0956701976185883
we,we,PRP,PRP,0,0,0,1,0,,FUNCTION,1.1515143668371834
can,can,MD,MD,0,0,0,1,0,,FUNCTION,3.0152376807721235
just,just,RB,RB,0.25,0.25,0,1,0,CONTENT,CONTENT,2.899314126830945
send,send,VB,VB,0.25,0.25,0,1,0,CONTENT,CONTENT,3.030092876530286
out,out,RP,RP,0,0,0,1,0,,FUNCTION,3.1905966240230414
for,for,IN,IN,0,0,0,1,0,,FUNCTION,3.052986189166517
us,us,PRP,PRP,0,0,0,1,0,,FUNCTION,2.8645925436659
we,we,PRP,PRP,0,0,0,1,0,,FUNCTION,2.6348384604041044
could,could,MD,MD,0,0,0,1,0,,FUNCTION,2.7568483087968816
just,just,RB,RB,0.25,0.25,0,1,0,CONTENT,CONTENT,1.4040578606966254
fly,fly,VB,VB,0.33333333333333331,0.33333333333333331,0,1,0,CONTENT,CONTENT,2.746755602390474
back,back,RB,RB,0,0,0,1,0,CONTENT,CONTENT,1.0434957131251765
to,to,TO,TO,0,0,0,1,0,,FUNCTION,2.4845275890394336
earth,earth,NN,NN,0.20000000000000001,0.20000000000000001,0,1,0,CONTENT,CONTENT,3.14072622891499
and,and,CC,CC,0,0,0,1,0,,FUNCTION,2.703577857621072
stuff,stuff,NN,NN,0.20000000000000001,0.20000000000000001,0,1,0,CONTENT,CONTENT,3.202119404677499
no,no,DT,DT,0,0,0,1,0,,FUNCTION,2.8961565971778906
problem,problem,NN,NN,0.14285714285714285,0.14285714285714285,0,2,0,CONTENT,CONTENT,3.257020174964987
this,this,DT,DT,0.25,0.25,0,1,0,,FUNCTION,3.1880968296075247
thing,thing,NN,NN,0.20000000000000001,0.20000000000000001,0,1,0,CONTENT,CONTENT,1.2891104885069982
likes,likes,NN,NN,0.20000000000000001,0.20000000000000001,0,1,0,CONTENT,CONTENT,2.811755720490988
me,me,PRP,PRP,0,0,0,1,0,,FUNCTION,2.6857512359834534
actually,actually,RB,RB,0.125,0.125,0,3,0,CONTENT,CONTENT,3.054308744726097
should,should,MD,MD,0,0,0,1,0,,FUNCTION,2.2907713078761778
we,we,PRP,PRP,0,0,0,1,0,,FUNCTION,2.9530413163504647
rank,rank,NN,NN,0.25,0.25,0,1,0,CONTENT,CONTENT,3.138732273599663
what,what,WP,WP,0,0,0,1,0,,FUNCTION,2.519626810723753
we,we,PRP,PRP,0,0,0,1,0,,FUNCTION,2.1918253789397912
have,have,VBP,VBP,0,0,0,1,0,CONTENT,CONTENT,2.9676062704260677
so,so,RB,RB,0,0,0,1,0,CONTENT,CONTENT,2.735203906400241
far,far,RB,RB,0.33333333333333331,0.33333333333333331,0,1,0,CONTENT,CONTENT,3.211136311458356
